﻿--Initialisation Script
-- To play once in a new Database to set the Default values in the tables
-- https://docs.google.com/spreadsheets/d/1mDlSvPrwGKmZd3DY8X10d7OAiNDpnPC0ctAPhrkH4To/edit?usp=sharing
-- Sheet "Insert Class"

-- SCRIPT CLASS START
PRINT('Insert Class values')
SET IDENTITY_INSERT [dbo].[Class] ON  
INSERT [dbo].[Class] (Id, Name) VALUES(1, 'Warrior')
INSERT [dbo].[Class] (Id, Name) VALUES(2, 'Warlock')
INSERT [dbo].[Class] (Id, Name) VALUES(3, 'Shaman')
INSERT [dbo].[Class] (Id, Name) VALUES(4, 'Rogue')
INSERT [dbo].[Class] (Id, Name) VALUES(5, 'Priest')
INSERT [dbo].[Class] (Id, Name) VALUES(6, 'Mage')
INSERT [dbo].[Class] (Id, Name) VALUES(7, 'Hunt')
INSERT [dbo].[Class] (Id, Name) VALUES(8, 'Druid')
SET IDENTITY_INSERT [dbo].[Class] OFF 
-- SCRIPT CLASS END

-- SCRIPT CLASS SPEC ROLE START
PRINT('Insert Class values')
SET IDENTITY_INSERT [dbo].[ClassSpecRole] ON
INSERT [dbo].[ClassSpecRole] (Id, Name) VALUES(1, 'DPS melee')
INSERT [dbo].[ClassSpecRole] (Id, Name) VALUES(2, 'DPS Ranged')
INSERT [dbo].[ClassSpecRole] (Id, Name) VALUES(3, 'Heal')
INSERT [dbo].[ClassSpecRole] (Id, Name) VALUES(4, 'Tank')
SET IDENTITY_INSERT [dbo].[ClassSpecRole] OFF 
-- SCRIPT CLASS SPEC ROLE END

-- SCRIPT CLASS SPEC START
PRINT('Insert ClassSpec values')
SET IDENTITY_INSERT [dbo].[ClassSpec] ON  
INSERT [dbo].[ClassSpec] (Id, Name, ClassSpecRoleId) VALUES(1, 'Fury 1H', 1)
INSERT [dbo].[ClassSpec] (Id, Name, ClassSpecRoleId) VALUES(2, 'Fury 2H', 1)
INSERT [dbo].[ClassSpec] (Id, Name, ClassSpecRoleId) VALUES(3, 'Arms 2H', 1)
INSERT [dbo].[ClassSpec] (Id, Name, ClassSpecRoleId) VALUES(4, 'Fury Prot', 1)
INSERT [dbo].[ClassSpec] (Id, Name, ClassSpecRoleId) VALUES(5, 'Deep Prot', 1)
INSERT [dbo].[ClassSpec] (Id, Name, ClassSpecRoleId) VALUES(6, 'Destruction', 1)
INSERT [dbo].[ClassSpec] (Id, Name, ClassSpecRoleId) VALUES(7, 'Affliction', 1)
INSERT [dbo].[ClassSpec] (Id, Name, ClassSpecRoleId) VALUES(8, 'Demonology', 1)
INSERT [dbo].[ClassSpec] (Id, Name, ClassSpecRoleId) VALUES(9, 'Elem', 1)
INSERT [dbo].[ClassSpec] (Id, Name, ClassSpecRoleId) VALUES(10, 'Resto', 1)
INSERT [dbo].[ClassSpec] (Id, Name, ClassSpecRoleId) VALUES(11, 'Amélio', 1)
INSERT [dbo].[ClassSpec] (Id, Name, ClassSpecRoleId) VALUES(12, 'Dagger', 1)
INSERT [dbo].[ClassSpec] (Id, Name, ClassSpecRoleId) VALUES(13, 'Sword', 1)
INSERT [dbo].[ClassSpec] (Id, Name, ClassSpecRoleId) VALUES(14, 'Holy', 1)
INSERT [dbo].[ClassSpec] (Id, Name, ClassSpecRoleId) VALUES(15, 'Discipline', 1)
INSERT [dbo].[ClassSpec] (Id, Name, ClassSpecRoleId) VALUES(16, 'Shadow', 1)
INSERT [dbo].[ClassSpec] (Id, Name, ClassSpecRoleId) VALUES(17, 'Fire', 1)
INSERT [dbo].[ClassSpec] (Id, Name, ClassSpecRoleId) VALUES(18, 'Frost', 1)
INSERT [dbo].[ClassSpec] (Id, Name, ClassSpecRoleId) VALUES(19, 'Arcane', 1)
INSERT [dbo].[ClassSpec] (Id, Name, ClassSpecRoleId) VALUES(20, 'Beast', 1)
INSERT [dbo].[ClassSpec] (Id, Name, ClassSpecRoleId) VALUES(21, 'Precision', 1)
INSERT [dbo].[ClassSpec] (Id, Name, ClassSpecRoleId) VALUES(22, 'Survival', 1)
INSERT [dbo].[ClassSpec] (Id, Name, ClassSpecRoleId) VALUES(23, 'Resto', 1)
INSERT [dbo].[ClassSpec] (Id, Name, ClassSpecRoleId) VALUES(24, 'Feral Tank', 1)
INSERT [dbo].[ClassSpec] (Id, Name, ClassSpecRoleId) VALUES(25, 'Feral DPS', 1)
INSERT [dbo].[ClassSpec] (Id, Name, ClassSpecRoleId) VALUES(26, 'Balance', 1)
SET IDENTITY_INSERT [dbo].[ClassSpec] OFF 
-- SCRIPT CLASS SPEC END


-- SCRIPT CLASS SPEC LIST START
PRINT('Insert ClassSpecList values')
INSERT [dbo].[ClassSpecList] (ClassId, ClassSpecId) VALUES(1, 1)
INSERT [dbo].[ClassSpecList] (ClassId, ClassSpecId) VALUES(1, 2)
INSERT [dbo].[ClassSpecList] (ClassId, ClassSpecId) VALUES(1, 3)
INSERT [dbo].[ClassSpecList] (ClassId, ClassSpecId) VALUES(1, 4)
INSERT [dbo].[ClassSpecList] (ClassId, ClassSpecId) VALUES(1, 5)
INSERT [dbo].[ClassSpecList] (ClassId, ClassSpecId) VALUES(2, 6)
INSERT [dbo].[ClassSpecList] (ClassId, ClassSpecId) VALUES(2, 7)
INSERT [dbo].[ClassSpecList] (ClassId, ClassSpecId) VALUES(2, 8)
INSERT [dbo].[ClassSpecList] (ClassId, ClassSpecId) VALUES(3, 9)
INSERT [dbo].[ClassSpecList] (ClassId, ClassSpecId) VALUES(3, 10)
INSERT [dbo].[ClassSpecList] (ClassId, ClassSpecId) VALUES(3, 11)
INSERT [dbo].[ClassSpecList] (ClassId, ClassSpecId) VALUES(4, 12)
INSERT [dbo].[ClassSpecList] (ClassId, ClassSpecId) VALUES(4, 13)
INSERT [dbo].[ClassSpecList] (ClassId, ClassSpecId) VALUES(5, 14)
INSERT [dbo].[ClassSpecList] (ClassId, ClassSpecId) VALUES(5, 15)
INSERT [dbo].[ClassSpecList] (ClassId, ClassSpecId) VALUES(5, 16)
INSERT [dbo].[ClassSpecList] (ClassId, ClassSpecId) VALUES(6, 17)
INSERT [dbo].[ClassSpecList] (ClassId, ClassSpecId) VALUES(6, 18)
INSERT [dbo].[ClassSpecList] (ClassId, ClassSpecId) VALUES(6, 19)
INSERT [dbo].[ClassSpecList] (ClassId, ClassSpecId) VALUES(7, 20)
INSERT [dbo].[ClassSpecList] (ClassId, ClassSpecId) VALUES(7, 21)
INSERT [dbo].[ClassSpecList] (ClassId, ClassSpecId) VALUES(7, 22)
INSERT [dbo].[ClassSpecList] (ClassId, ClassSpecId) VALUES(8, 23)
INSERT [dbo].[ClassSpecList] (ClassId, ClassSpecId) VALUES(8, 24)
INSERT [dbo].[ClassSpecList] (ClassId, ClassSpecId) VALUES(8, 25)
INSERT [dbo].[ClassSpecList] (ClassId, ClassSpecId) VALUES(8, 26)
-- SCRIPT CLASS SPEC LIST END

-- SCRIPT CLASS SKILL START
PRINT('Insert ClassSkill values')
SET IDENTITY_INSERT [dbo].[ClassSkill] ON  
INSERT [dbo].[ClassSkill] (Id, Name) VALUES(1, 'Cloth')
INSERT [dbo].[ClassSkill] (Id, Name) VALUES(2, 'Leather')
INSERT [dbo].[ClassSkill] (Id, Name) VALUES(3, 'Mail')
INSERT [dbo].[ClassSkill] (Id, Name) VALUES(4, 'Plate')
INSERT [dbo].[ClassSkill] (Id, Name) VALUES(5, 'One Handed Sword')
INSERT [dbo].[ClassSkill] (Id, Name) VALUES(6, 'Two Handed Sword')
INSERT [dbo].[ClassSkill] (Id, Name) VALUES(7, 'One Handed Axe')
INSERT [dbo].[ClassSkill] (Id, Name) VALUES(8, 'Two Handed Axe')
INSERT [dbo].[ClassSkill] (Id, Name) VALUES(9, 'One Handed Mace')
INSERT [dbo].[ClassSkill] (Id, Name) VALUES(10, 'Two Handed Mace')
INSERT [dbo].[ClassSkill] (Id, Name) VALUES(11, 'Dagger')
INSERT [dbo].[ClassSkill] (Id, Name) VALUES(12, 'Fist')
INSERT [dbo].[ClassSkill] (Id, Name) VALUES(13, 'Polearm')
INSERT [dbo].[ClassSkill] (Id, Name) VALUES(14, 'Staff')
INSERT [dbo].[ClassSkill] (Id, Name) VALUES(15, 'Wand')
INSERT [dbo].[ClassSkill] (Id, Name) VALUES(16, 'Gun')
INSERT [dbo].[ClassSkill] (Id, Name) VALUES(17, 'Bow')
INSERT [dbo].[ClassSkill] (Id, Name) VALUES(18, 'CrossBow')
INSERT [dbo].[ClassSkill] (Id, Name) VALUES(19, 'Thrown')
INSERT [dbo].[ClassSkill] (Id, Name) VALUES(20, 'Idole')
INSERT [dbo].[ClassSkill] (Id, Name) VALUES(21, 'Totem')
INSERT [dbo].[ClassSkill] (Id, Name) VALUES(22, 'Shield')
INSERT [dbo].[ClassSkill] (Id, Name) VALUES(23, 'Misc')
INSERT [dbo].[ClassSkill] (Id, Name) VALUES(24, 'Libram')
SET IDENTITY_INSERT [dbo].[ClassSkill] OFF 
-- SCRIPT CLASS SKILL END

-- SCRIPT CLASS SKILL LIST START
PRINT('Insert ClassSkillList values')
INSERT [dbo].[ClassSkill] (ClassId, ClassSkillId) VALUES(1, 1)
INSERT [dbo].[ClassSkill] (ClassId, ClassSkillId) VALUES(1, 2)
INSERT [dbo].[ClassSkill] (ClassId, ClassSkillId) VALUES(1, 3)
INSERT [dbo].[ClassSkill] (ClassId, ClassSkillId) VALUES(1, 4)
INSERT [dbo].[ClassSkill] (ClassId, ClassSkillId) VALUES(1, 5)
INSERT [dbo].[ClassSkill] (ClassId, ClassSkillId) VALUES(1, 6)
INSERT [dbo].[ClassSkill] (ClassId, ClassSkillId) VALUES(1, 7)
INSERT [dbo].[ClassSkill] (ClassId, ClassSkillId) VALUES(1, 8)
INSERT [dbo].[ClassSkill] (ClassId, ClassSkillId) VALUES(1, 9)
INSERT [dbo].[ClassSkill] (ClassId, ClassSkillId) VALUES(1, 10)
INSERT [dbo].[ClassSkill] (ClassId, ClassSkillId) VALUES(1, 11)
INSERT [dbo].[ClassSkill] (ClassId, ClassSkillId) VALUES(1, 12)
INSERT [dbo].[ClassSkill] (ClassId, ClassSkillId) VALUES(1, 13)
INSERT [dbo].[ClassSkill] (ClassId, ClassSkillId) VALUES(1, 14)
INSERT [dbo].[ClassSkill] (ClassId, ClassSkillId) VALUES(1, 16)
INSERT [dbo].[ClassSkill] (ClassId, ClassSkillId) VALUES(1, 17)
INSERT [dbo].[ClassSkill] (ClassId, ClassSkillId) VALUES(1, 18)
INSERT [dbo].[ClassSkill] (ClassId, ClassSkillId) VALUES(1, 19)
INSERT [dbo].[ClassSkill] (ClassId, ClassSkillId) VALUES(1, 22)
INSERT [dbo].[ClassSkill] (ClassId, ClassSkillId) VALUES(1, 23)
INSERT [dbo].[ClassSkill] (ClassId, ClassSkillId) VALUES(2, 1)
INSERT [dbo].[ClassSkill] (ClassId, ClassSkillId) VALUES(2, 5)
INSERT [dbo].[ClassSkill] (ClassId, ClassSkillId) VALUES(2, 11)
INSERT [dbo].[ClassSkill] (ClassId, ClassSkillId) VALUES(2, 14)
INSERT [dbo].[ClassSkill] (ClassId, ClassSkillId) VALUES(2, 15)
INSERT [dbo].[ClassSkill] (ClassId, ClassSkillId) VALUES(2, 23)
INSERT [dbo].[ClassSkill] (ClassId, ClassSkillId) VALUES(3, 1)
INSERT [dbo].[ClassSkill] (ClassId, ClassSkillId) VALUES(3, 2)
INSERT [dbo].[ClassSkill] (ClassId, ClassSkillId) VALUES(3, 3)
INSERT [dbo].[ClassSkill] (ClassId, ClassSkillId) VALUES(3, 7)
INSERT [dbo].[ClassSkill] (ClassId, ClassSkillId) VALUES(3, 8)
INSERT [dbo].[ClassSkill] (ClassId, ClassSkillId) VALUES(3, 9)
INSERT [dbo].[ClassSkill] (ClassId, ClassSkillId) VALUES(3, 10)
INSERT [dbo].[ClassSkill] (ClassId, ClassSkillId) VALUES(3, 11)
INSERT [dbo].[ClassSkill] (ClassId, ClassSkillId) VALUES(3, 14)
INSERT [dbo].[ClassSkill] (ClassId, ClassSkillId) VALUES(3, 21)
INSERT [dbo].[ClassSkill] (ClassId, ClassSkillId) VALUES(3, 22)
INSERT [dbo].[ClassSkill] (ClassId, ClassSkillId) VALUES(3, 23)
INSERT [dbo].[ClassSkill] (ClassId, ClassSkillId) VALUES(4, 1)
INSERT [dbo].[ClassSkill] (ClassId, ClassSkillId) VALUES(4, 2)
INSERT [dbo].[ClassSkill] (ClassId, ClassSkillId) VALUES(4, 5)
INSERT [dbo].[ClassSkill] (ClassId, ClassSkillId) VALUES(4, 9)
INSERT [dbo].[ClassSkill] (ClassId, ClassSkillId) VALUES(4, 11)
INSERT [dbo].[ClassSkill] (ClassId, ClassSkillId) VALUES(4, 12)
INSERT [dbo].[ClassSkill] (ClassId, ClassSkillId) VALUES(4, 16)
INSERT [dbo].[ClassSkill] (ClassId, ClassSkillId) VALUES(4, 17)
INSERT [dbo].[ClassSkill] (ClassId, ClassSkillId) VALUES(4, 18)
INSERT [dbo].[ClassSkill] (ClassId, ClassSkillId) VALUES(4, 19)
INSERT [dbo].[ClassSkill] (ClassId, ClassSkillId) VALUES(4, 23)
INSERT [dbo].[ClassSkill] (ClassId, ClassSkillId) VALUES(5, 1)
INSERT [dbo].[ClassSkill] (ClassId, ClassSkillId) VALUES(5, 9)
INSERT [dbo].[ClassSkill] (ClassId, ClassSkillId) VALUES(5, 11)
INSERT [dbo].[ClassSkill] (ClassId, ClassSkillId) VALUES(5, 14)
INSERT [dbo].[ClassSkill] (ClassId, ClassSkillId) VALUES(5, 15)
INSERT [dbo].[ClassSkill] (ClassId, ClassSkillId) VALUES(5, 23)
INSERT [dbo].[ClassSkill] (ClassId, ClassSkillId) VALUES(6, 1)
INSERT [dbo].[ClassSkill] (ClassId, ClassSkillId) VALUES(6, 5)
INSERT [dbo].[ClassSkill] (ClassId, ClassSkillId) VALUES(6, 11)
INSERT [dbo].[ClassSkill] (ClassId, ClassSkillId) VALUES(6, 14)
INSERT [dbo].[ClassSkill] (ClassId, ClassSkillId) VALUES(6, 15)
INSERT [dbo].[ClassSkill] (ClassId, ClassSkillId) VALUES(6, 23)
INSERT [dbo].[ClassSkill] (ClassId, ClassSkillId) VALUES(7, 1)
INSERT [dbo].[ClassSkill] (ClassId, ClassSkillId) VALUES(7, 2)
INSERT [dbo].[ClassSkill] (ClassId, ClassSkillId) VALUES(7, 3)
INSERT [dbo].[ClassSkill] (ClassId, ClassSkillId) VALUES(7, 5)
INSERT [dbo].[ClassSkill] (ClassId, ClassSkillId) VALUES(7, 6)
INSERT [dbo].[ClassSkill] (ClassId, ClassSkillId) VALUES(7, 7)
INSERT [dbo].[ClassSkill] (ClassId, ClassSkillId) VALUES(7, 8)
INSERT [dbo].[ClassSkill] (ClassId, ClassSkillId) VALUES(7, 11)
INSERT [dbo].[ClassSkill] (ClassId, ClassSkillId) VALUES(7, 12)
INSERT [dbo].[ClassSkill] (ClassId, ClassSkillId) VALUES(7, 13)
INSERT [dbo].[ClassSkill] (ClassId, ClassSkillId) VALUES(7, 14)
INSERT [dbo].[ClassSkill] (ClassId, ClassSkillId) VALUES(7, 16)
INSERT [dbo].[ClassSkill] (ClassId, ClassSkillId) VALUES(7, 17)
INSERT [dbo].[ClassSkill] (ClassId, ClassSkillId) VALUES(7, 18)
INSERT [dbo].[ClassSkill] (ClassId, ClassSkillId) VALUES(7, 23)
INSERT [dbo].[ClassSkill] (ClassId, ClassSkillId) VALUES(8, 1)
INSERT [dbo].[ClassSkill] (ClassId, ClassSkillId) VALUES(8, 2)
INSERT [dbo].[ClassSkill] (ClassId, ClassSkillId) VALUES(8, 9)
INSERT [dbo].[ClassSkill] (ClassId, ClassSkillId) VALUES(8, 10)
INSERT [dbo].[ClassSkill] (ClassId, ClassSkillId) VALUES(8, 11)
INSERT [dbo].[ClassSkill] (ClassId, ClassSkillId) VALUES(8, 12)
INSERT [dbo].[ClassSkill] (ClassId, ClassSkillId) VALUES(8, 13)
INSERT [dbo].[ClassSkill] (ClassId, ClassSkillId) VALUES(8, 14)
INSERT [dbo].[ClassSkill] (ClassId, ClassSkillId) VALUES(8, 20)
INSERT [dbo].[ClassSkill] (ClassId, ClassSkillId) VALUES(8, 23)
-- SCRIPT CLASS SKILL END

-- SCRIPT Item slot START
PRINT('Insert LootSlot values')
SET IDENTITY_INSERT [dbo].[LootSlot] ON  
INSERT [dbo].[LootSlot] (Id, Name) VALUES(1, 'Head')
INSERT [dbo].[LootSlot] (Id, Name) VALUES(2, 'Neck')
INSERT [dbo].[LootSlot] (Id, Name) VALUES(3, 'Shoulder')
INSERT [dbo].[LootSlot] (Id, Name) VALUES(4, 'Shirt')
INSERT [dbo].[LootSlot] (Id, Name) VALUES(5, 'Chest')
INSERT [dbo].[LootSlot] (Id, Name) VALUES(6, 'Belt')
INSERT [dbo].[LootSlot] (Id, Name) VALUES(7, 'Legs')
INSERT [dbo].[LootSlot] (Id, Name) VALUES(8, 'feet')
INSERT [dbo].[LootSlot] (Id, Name) VALUES(9, 'wrist')
INSERT [dbo].[LootSlot] (Id, Name) VALUES(10, 'gloves')
INSERT [dbo].[LootSlot] (Id, Name) VALUES(11, 'finger')
INSERT [dbo].[LootSlot] (Id, Name) VALUES(12, 'finger 2')
INSERT [dbo].[LootSlot] (Id, Name) VALUES(13, 'trinket')
INSERT [dbo].[LootSlot] (Id, Name) VALUES(14, 'trinket 2')
INSERT [dbo].[LootSlot] (Id, Name) VALUES(15, 'back')
INSERT [dbo].[LootSlot] (Id, Name) VALUES(16, 'main hand')
INSERT [dbo].[LootSlot] (Id, Name) VALUES(17, 'off hand')
INSERT [dbo].[LootSlot] (Id, Name) VALUES(18, 'ranged')
INSERT [dbo].[LootSlot] (Id, Name) VALUES(19, 'tabard')
INSERT [dbo].[LootSlot] (Id, Name) VALUES(20, 'Token')
SET IDENTITY_INSERT [dbo].[LootSlot] OFF 
-- SCRIPT CLASS SKILL END