﻿
-- RaidPRINT('Insert Zones values')
DELETE FROM [dbo].[zone]
INSERT [dbo].[Zone] (Id, Name) VALUES(3456,'Naxxramas')
INSERT [dbo].[Zone] (Id, Name) VALUES(3428,'Ahn Qiraj')
INSERT [dbo].[Zone] (Id, Name) VALUES(2677,'Blackwing Lair')
INSERT [dbo].[Zone] (Id, Name) VALUES(3429,'Ruins Of Ahn Qiraj')
INSERT [dbo].[Zone] (Id, Name) VALUES(1977,'Zul Gurub')
INSERT [dbo].[Zone] (Id, Name) VALUES(2717,'Molten Core')
PRINT('Insert Encounter values')
DELETE FROM [dbo].[Encounter]
INSERT [dbo].[Encounter] (Id, Name, ZoneId, [Order]) VALUES(1,'Anub Rekhan', 3456,1)
INSERT [dbo].[Encounter] (Id, Name, ZoneId, [Order]) VALUES(2,'grand-widow-faerlina', 3456,2)
INSERT [dbo].[Encounter] (Id, Name, ZoneId, [Order]) VALUES(3,'maexxna', 3456,3)
INSERT [dbo].[Encounter] (Id, Name, ZoneId, [Order]) VALUES(4,'patchwerk', 3456,4)
INSERT [dbo].[Encounter] (Id, Name, ZoneId, [Order]) VALUES(5,'grobbulus', 3456,5)
INSERT [dbo].[Encounter] (Id, Name, ZoneId, [Order]) VALUES(6,'thaddius', 3456,6)
INSERT [dbo].[Encounter] (Id, Name, ZoneId, [Order]) VALUES(7,'noth-the-plaguebringer', 3456,7)
INSERT [dbo].[Encounter] (Id, Name, ZoneId, [Order]) VALUES(8,'heigan-the-unclean', 3456,8)
INSERT [dbo].[Encounter] (Id, Name, ZoneId, [Order]) VALUES(9,'loatheb', 3456,9)
INSERT [dbo].[Encounter] (Id, Name, ZoneId, [Order]) VALUES(10,'instructor-razuvious', 3456,10)
INSERT [dbo].[Encounter] (Id, Name, ZoneId, [Order]) VALUES(11,'Four Horsemen', 3456,11)
INSERT [dbo].[Encounter] (Id, Name, ZoneId, [Order]) VALUES(12,'sapphiron', 3456,12)
INSERT [dbo].[Encounter] (Id, Name, ZoneId, [Order]) VALUES(13,'kelthuzad', 3456,13)
INSERT [dbo].[Encounter] (Id, Name, ZoneId, [Order]) VALUES(14,'Trash', 3456,14)
INSERT [dbo].[Encounter] (Id, Name, ZoneId, [Order]) VALUES(15,'the-prophet-skeram', 3428,1)
INSERT [dbo].[Encounter] (Id, Name, ZoneId, [Order]) VALUES(16,'Bug Trio', 3428,2)
INSERT [dbo].[Encounter] (Id, Name, ZoneId, [Order]) VALUES(17,'battleguard-sartura', 3428,3)
INSERT [dbo].[Encounter] (Id, Name, ZoneId, [Order]) VALUES(18,'fankriss-the-unyielding', 3428,4)
INSERT [dbo].[Encounter] (Id, Name, ZoneId, [Order]) VALUES(19,'princess-huhuran', 3428,5)
INSERT [dbo].[Encounter] (Id, Name, ZoneId, [Order]) VALUES(20,'viscidus', 3428,6)
INSERT [dbo].[Encounter] (Id, Name, ZoneId, [Order]) VALUES(21,'Twins', 3428,7)
INSERT [dbo].[Encounter] (Id, Name, ZoneId, [Order]) VALUES(22,'ouro', 3428,8)
INSERT [dbo].[Encounter] (Id, Name, ZoneId, [Order]) VALUES(23,'cthun', 3428,9)
INSERT [dbo].[Encounter] (Id, Name, ZoneId, [Order]) VALUES(24,'Trash', 3428,10)
INSERT [dbo].[Encounter] (Id, Name, ZoneId, [Order]) VALUES(25,'razorgore-the-untamed', 2677,1)
INSERT [dbo].[Encounter] (Id, Name, ZoneId, [Order]) VALUES(26,'vaelastrasz-the-corrupt', 2677,2)
INSERT [dbo].[Encounter] (Id, Name, ZoneId, [Order]) VALUES(27,'broodlord-lashlayer', 2677,3)
INSERT [dbo].[Encounter] (Id, Name, ZoneId, [Order]) VALUES(28,'firemaw', 2677,4)
INSERT [dbo].[Encounter] (Id, Name, ZoneId, [Order]) VALUES(29,'ebonroc', 2677,5)
INSERT [dbo].[Encounter] (Id, Name, ZoneId, [Order]) VALUES(30,'flamegor', 2677,6)
INSERT [dbo].[Encounter] (Id, Name, ZoneId, [Order]) VALUES(31,'chromaggus', 2677,7)
INSERT [dbo].[Encounter] (Id, Name, ZoneId, [Order]) VALUES(32,'nefarian', 2677,8)
INSERT [dbo].[Encounter] (Id, Name, ZoneId, [Order]) VALUES(33,'Trash', 2677,9)
INSERT [dbo].[Encounter] (Id, Name, ZoneId, [Order]) VALUES(34,'kurinnaxx', 3429,1)
INSERT [dbo].[Encounter] (Id, Name, ZoneId, [Order]) VALUES(35,'general-rajaxx', 3429,2)
INSERT [dbo].[Encounter] (Id, Name, ZoneId, [Order]) VALUES(36,'buru-the-gorger', 3429,3)
INSERT [dbo].[Encounter] (Id, Name, ZoneId, [Order]) VALUES(37,'ayamiss-the-hunter', 3429,4)
INSERT [dbo].[Encounter] (Id, Name, ZoneId, [Order]) VALUES(38,'moam', 3429,5)
INSERT [dbo].[Encounter] (Id, Name, ZoneId, [Order]) VALUES(39,'ossirian-the-unscarred', 3429,6)
INSERT [dbo].[Encounter] (Id, Name, ZoneId, [Order]) VALUES(40,'Trash', 3429,7)
INSERT [dbo].[Encounter] (Id, Name, ZoneId, [Order]) VALUES(41,'high-priest-venoxis', 1977,1)
INSERT [dbo].[Encounter] (Id, Name, ZoneId, [Order]) VALUES(42,'high-priest-thekal', 1977,2)
INSERT [dbo].[Encounter] (Id, Name, ZoneId, [Order]) VALUES(43,'high-priestess-arlokk', 1977,3)
INSERT [dbo].[Encounter] (Id, Name, ZoneId, [Order]) VALUES(44,'high-priestess-jeklik', 1977,4)
INSERT [dbo].[Encounter] (Id, Name, ZoneId, [Order]) VALUES(45,'bloodlord-mandokir', 1977,5)
INSERT [dbo].[Encounter] (Id, Name, ZoneId, [Order]) VALUES(46,'gahzranka', 1977,6)
INSERT [dbo].[Encounter] (Id, Name, ZoneId, [Order]) VALUES(47,'jindo-the-hexxer', 1977,7)
INSERT [dbo].[Encounter] (Id, Name, ZoneId, [Order]) VALUES(48,'hakkar', 1977,8)
INSERT [dbo].[Encounter] (Id, Name, ZoneId, [Order]) VALUES(49,'Trash', 1977,9)
INSERT [dbo].[Encounter] (Id, Name, ZoneId, [Order]) VALUES(50,'gehennas', 2717,1)
INSERT [dbo].[Encounter] (Id, Name, ZoneId, [Order]) VALUES(51,'magmadar', 2717,2)
INSERT [dbo].[Encounter] (Id, Name, ZoneId, [Order]) VALUES(52,'lucifron', 2717,3)
INSERT [dbo].[Encounter] (Id, Name, ZoneId, [Order]) VALUES(53,'garr', 2717,4)
INSERT [dbo].[Encounter] (Id, Name, ZoneId, [Order]) VALUES(54,'baron-geddon', 2717,5)
INSERT [dbo].[Encounter] (Id, Name, ZoneId, [Order]) VALUES(55,'shazzrah', 2717,6)
INSERT [dbo].[Encounter] (Id, Name, ZoneId, [Order]) VALUES(56,'sulfuron-harbinger', 2717,7)
INSERT [dbo].[Encounter] (Id, Name, ZoneId, [Order]) VALUES(57,'golemagg-the-incinerator', 2717,8)
INSERT [dbo].[Encounter] (Id, Name, ZoneId, [Order]) VALUES(58,'majordomo-executus', 2717,9)
INSERT [dbo].[Encounter] (Id, Name, ZoneId, [Order]) VALUES(59,'ragnaros', 2717,10)
INSERT [dbo].[Encounter] (Id, Name, ZoneId, [Order]) VALUES(60,'Trash', 2717,11)






PRINT('Insert Boss values')
DELETE FROM [dbo].[Boss]
INSERT [dbo].[Boss] (Id, Name, ZoneId, EncounterId) VALUES(15956,'anubrekhan', 3456,1)
INSERT [dbo].[Boss] (Id, Name, ZoneId, EncounterId) VALUES(15953,'grand-widow-faerlina', 3456,2)
INSERT [dbo].[Boss] (Id, Name, ZoneId, EncounterId) VALUES(15952,'maexxna', 3456,3)
INSERT [dbo].[Boss] (Id, Name, ZoneId, EncounterId) VALUES(16028,'patchwerk', 3456,4)
INSERT [dbo].[Boss] (Id, Name, ZoneId, EncounterId) VALUES(15931,'grobbulus', 3456,5)
INSERT [dbo].[Boss] (Id, Name, ZoneId, EncounterId) VALUES(15928,'thaddius', 3456,6)
INSERT [dbo].[Boss] (Id, Name, ZoneId, EncounterId) VALUES(15954,'noth-the-plaguebringer', 3456,7)
INSERT [dbo].[Boss] (Id, Name, ZoneId, EncounterId) VALUES(15936,'heigan-the-unclean', 3456,8)
INSERT [dbo].[Boss] (Id, Name, ZoneId, EncounterId) VALUES(16011,'loatheb', 3456,9)
INSERT [dbo].[Boss] (Id, Name, ZoneId, EncounterId) VALUES(16061,'instructor-razuvious', 3456,10)
INSERT [dbo].[Boss] (Id, Name, ZoneId, EncounterId) VALUES(16063,'sir-zeliek', 3456,11)
INSERT [dbo].[Boss] (Id, Name, ZoneId, EncounterId) VALUES(16065,'lady-blaumeux', 3456,11)
INSERT [dbo].[Boss] (Id, Name, ZoneId, EncounterId) VALUES(16062,'highlord-mograine', 3456,11)
INSERT [dbo].[Boss] (Id, Name, ZoneId, EncounterId) VALUES(16064,'thane-korthazz', 3456,11)
INSERT [dbo].[Boss] (Id, Name, ZoneId, EncounterId) VALUES(15989,'sapphiron', 3456,12)
INSERT [dbo].[Boss] (Id, Name, ZoneId, EncounterId) VALUES(15990,'kelthuzad', 3456,13)
INSERT [dbo].[Boss] (Id, Name, ZoneId, EncounterId) VALUES(15263,'the-prophet-skeram', 3428,15)
INSERT [dbo].[Boss] (Id, Name, ZoneId, EncounterId) VALUES(15544,'vem', 3428,16)
INSERT [dbo].[Boss] (Id, Name, ZoneId, EncounterId) VALUES(15511,'lord-kri', 3428,16)
INSERT [dbo].[Boss] (Id, Name, ZoneId, EncounterId) VALUES(15543,'princess-yauj', 3428,16)
INSERT [dbo].[Boss] (Id, Name, ZoneId, EncounterId) VALUES(15516,'battleguard-sartura', 3428,17)
INSERT [dbo].[Boss] (Id, Name, ZoneId, EncounterId) VALUES(15510,'fankriss-the-unyielding', 3428,18)
INSERT [dbo].[Boss] (Id, Name, ZoneId, EncounterId) VALUES(15509,'princess-huhuran', 3428,19)
INSERT [dbo].[Boss] (Id, Name, ZoneId, EncounterId) VALUES(15299,'viscidus', 3428,20)
INSERT [dbo].[Boss] (Id, Name, ZoneId, EncounterId) VALUES(15275,'emperor-veknilash', 3428,21)
INSERT [dbo].[Boss] (Id, Name, ZoneId, EncounterId) VALUES(15276,'emperor-veklor', 3428,21)
INSERT [dbo].[Boss] (Id, Name, ZoneId, EncounterId) VALUES(15517,'ouro', 3428,22)
INSERT [dbo].[Boss] (Id, Name, ZoneId, EncounterId) VALUES(15727,'cthun', 3428,23)
INSERT [dbo].[Boss] (Id, Name, ZoneId, EncounterId) VALUES(12435,'razorgore-the-untamed', 2677,25)
INSERT [dbo].[Boss] (Id, Name, ZoneId, EncounterId) VALUES(13020,'vaelastrasz-the-corrupt', 2677,26)
INSERT [dbo].[Boss] (Id, Name, ZoneId, EncounterId) VALUES(12017,'broodlord-lashlayer', 2677,27)
INSERT [dbo].[Boss] (Id, Name, ZoneId, EncounterId) VALUES(11983,'firemaw', 2677,28)
INSERT [dbo].[Boss] (Id, Name, ZoneId, EncounterId) VALUES(14601,'ebonroc', 2677,29)
INSERT [dbo].[Boss] (Id, Name, ZoneId, EncounterId) VALUES(11981,'flamegor', 2677,30)
INSERT [dbo].[Boss] (Id, Name, ZoneId, EncounterId) VALUES(14020,'chromaggus', 2677,31)
INSERT [dbo].[Boss] (Id, Name, ZoneId, EncounterId) VALUES(11583,'nefarian', 2677,32)
INSERT [dbo].[Boss] (Id, Name, ZoneId, EncounterId) VALUES(15348,'kurinnaxx', 3429,34)
INSERT [dbo].[Boss] (Id, Name, ZoneId, EncounterId) VALUES(15341,'general-rajaxx', 3429,35)
INSERT [dbo].[Boss] (Id, Name, ZoneId, EncounterId) VALUES(15370,'buru-the-gorger', 3429,36)
INSERT [dbo].[Boss] (Id, Name, ZoneId, EncounterId) VALUES(15369,'ayamiss-the-hunter', 3429,37)
INSERT [dbo].[Boss] (Id, Name, ZoneId, EncounterId) VALUES(15340,'moam', 3429,38)
INSERT [dbo].[Boss] (Id, Name, ZoneId, EncounterId) VALUES(15339,'ossirian-the-unscarred', 3429,39)
INSERT [dbo].[Boss] (Id, Name, ZoneId, EncounterId) VALUES(14507,'high-priest-venoxis', 1977,41)
INSERT [dbo].[Boss] (Id, Name, ZoneId, EncounterId) VALUES(14509,'high-priest-thekal', 1977,42)
INSERT [dbo].[Boss] (Id, Name, ZoneId, EncounterId) VALUES(14515,'high-priestess-arlokk', 1977,43)
INSERT [dbo].[Boss] (Id, Name, ZoneId, EncounterId) VALUES(14517,'high-priestess-jeklik', 1977,44)
INSERT [dbo].[Boss] (Id, Name, ZoneId, EncounterId) VALUES(11382,'bloodlord-mandokir', 1977,45)
INSERT [dbo].[Boss] (Id, Name, ZoneId, EncounterId) VALUES(15114,'gahzranka', 1977,46)
INSERT [dbo].[Boss] (Id, Name, ZoneId, EncounterId) VALUES(11380,'jindo-the-hexxer', 1977,47)
INSERT [dbo].[Boss] (Id, Name, ZoneId, EncounterId) VALUES(14834,'hakkar', 1977,48)
INSERT [dbo].[Boss] (Id, Name, ZoneId, EncounterId) VALUES(12259,'gehennas', 2717,50)
INSERT [dbo].[Boss] (Id, Name, ZoneId, EncounterId) VALUES(11982,'magmadar', 2717,51)
INSERT [dbo].[Boss] (Id, Name, ZoneId, EncounterId) VALUES(12118,'lucifron', 2717,52)
INSERT [dbo].[Boss] (Id, Name, ZoneId, EncounterId) VALUES(12057,'garr', 2717,53)
INSERT [dbo].[Boss] (Id, Name, ZoneId, EncounterId) VALUES(12056,'baron-geddon', 2717,54)
INSERT [dbo].[Boss] (Id, Name, ZoneId, EncounterId) VALUES(12264,'shazzrah', 2717,55)
INSERT [dbo].[Boss] (Id, Name, ZoneId, EncounterId) VALUES(12098,'sulfuron-harbinger', 2717,56)
INSERT [dbo].[Boss] (Id, Name, ZoneId, EncounterId) VALUES(11988,'golemagg-the-incinerator', 2717,57)
INSERT [dbo].[Boss] (Id, Name, ZoneId, EncounterId) VALUES(12018,'majordomo-executus', 2717,58)
INSERT [dbo].[Boss] (Id, Name, ZoneId, EncounterId) VALUES(11502,'ragnaros', 2717,59)










